Venture Name,CDL Objective Setter (fit),CDL Critiquer (fit),CDL Total Fit,ION Objective Setter (fit),ION Critiquer (fit),ION Total Fit,Difference in OS,Difference in CR,Delta,Outcome,Startup Objectives/Needs,Needs Relevance to Mentor Capabilities,Model Reasoning
A&B Smart Materials,Lisa Aberg (0.62),Julien Venturini (0.69),1.31,Julien Venturini (0.69),Michael Wilshire (0.68),1.37,+0.07,-0.01,+0.06,Better,"Update the roadmap, strategic goals, and hiring plan to support an increased fundraising round and potential early sales 
 Complete hiring for immediate roles and advance the identification and recruitment of highly specialized staff.","**Objective Setter**: Obj 1: Scaling experience and fundraising context from growing/selling startup | Obj 2: General scaling/hiring experience but no specific technical recruitment expertise shown | Obj 3: No objective provided
**Critiquer**: Obj 1: Strong strategic planning and fundraising expertise from McKinsey and BNEF roles | Obj 2: No explicit hiring/recruitment expertise mentioned; generic advisory experience only | Obj 3: Materials and clean tech tags suggest sector familiarity but lack specific technical depth for polymer technology acceleration","**Objective Setter**: Mentor has strong relevant experience in sustainable innovation and scaling industrial technology companies, directly applicable to objectives 1 and 2. The 20+ years in sustainable innovation and experience selling a 100+ employee startup provides credible expertise for roadmap/fundraising strategy and navigating early commercial adoption challenges. However, limited evidence of specific expertise in specialized technical hiring or SAP chemistry reduces alignment with the technical talent acquisition challenge.
**Critiquer**: The mentor has strong strategic and fundraising expertise (ex-McKinsey Partner, former Global Head of Analysis at BNEF) that directly supports Objective 1 (roadmap/fundraising/sales planning). Their clean tech and materials sector experience provides relevant domain context for SAPs. However, there is limited evidence of direct hiring/recruitment expertise for Objective 2, and no clear indication of technical depth in polymer chemistry or manufacturing scale-up to address the technology acceleration challenge."
Aerleum,Magali Anderson (0.99),Caroline Bergaud (0.47),1.46,Magali Anderson (0.99),Lisa Aberg (1.00),1.99,+0.00,+0.53,+0.53,Better,"Confirm the value of small-volume, high-premium prospects by conducting five discovery calls from a list of 100 chemical companies using methanol or derivatives. 
 De-risk the go-to-market model by benchmarking against three peer companies from different industries. 
 Finalizing the HR roadmap and conducting at least three final interviews for the Senior Process Engineer, a current key hire.","**Objective Setter**: Obj 1: Industrial operations experience and board roles provide credible insight into chemical industry customer discovery and value proposition validation | Obj 2: Chief Sustainability & Innovation Officer role and board memberships offer strong benchmarking perspective across industries for go-to-market de-risking | Obj 3: General executive experience may help with hiring strategy, but no specific HR or process engineering recruitment expertise evident
**Critiquer**: Obj 1: Industrial focus may help but no direct chemical/methanol market expertise shown | Obj 2: McKinsey consulting background directly applicable to benchmarking and GTM strategy | Obj 3: No evidence of technical hiring or process engineering recruitment experience","**Objective Setter**: Mentor has strong industrial operations and sustainability strategy experience relevant to objectives 1 and 2 (customer discovery in chemicals, go-to-market benchmarking). Board-level perspective and 27+ years in industrial sectors provide credible guidance for validating customer segments and designing commercial strategy. Limited direct evidence for objective 3 (HR/hiring support).
**Critiquer**: The mentor's 27 years as McKinsey Senior Partner with sustainability and industrial focus provides credible expertise for benchmarking go-to-market models (objective 2) and potentially validating customer segments in industrial chemicals. However, there is no evidence of direct experience in chemical industry customer discovery, methanol markets, or technical hiring for process engineering roles, limiting alignment with objectives 1 and 3."
Biohalo Aps,Laurent Bertiau (0.39),Lisa Aberg (0.50),0.89,Julien Venturini (0.85),Lisa Aberg (0.50),1.35,+0.46,+0.00,+0.46,Better,"Complete a preliminary Life Cycle Assessment (LCA) of 2 FMA, devise a detailed REACH registration strategy with a concrete timeline, and secure at least 2 qualified partners to implement the strategy. 
 Produce a 24 month R&D and manufacturing roadmap that includes a budget, key milestones, resource allocation, and risk mitigation measures. 
 Refine the business plan for 2 FMA coating applications to include market sizing, competitive analysis, revenue forecasts, GTM strategy, and a clear break even point.","**Objective Setter**: Obj 1: Strategic partnerships experience may help secure REACH partners; no LCA or regulatory expertise evident | Obj 2: No evidence of R&D roadmap, manufacturing planning, or fermentation/biotech operations expertise | Obj 3: Business development and clean tech background support market strategy; lacks coating application specifics
**Critiquer**: Obj 1: No evidence of REACH regulatory or LCA expertise | Obj 2: Strategic planning experience applicable to roadmap structure and budgeting | Obj 3: Strong strategic consulting background relevant to business plan refinement and market analysis","**Objective Setter**: Mentor has strong sustainability and clean technology expertise relevant to BioHalo's domain, plus business development and strategic partnership experience that could help with REACH partner acquisition (Objective 1) and GTM strategy (Objective 3). However, there is no evidence of specific expertise in LCA execution, REACH regulatory strategy, R&D/manufacturing roadmaps for biotech/fermentation, or coating formulation—the core technical needs expressed in the objectives and CEO update.
**Critiquer**: The mentor's sustainability and industrial focus from 27 years at McKinsey provides credible strategic guidance for Objective 3 (business plan refinement) and potentially Objective 2 (R&D roadmap). However, there is no evidence of specific expertise in REACH regulatory strategy, LCA execution, fermentation scaling, bioreactor sourcing, or coating formulation—the most pressing current challenges. The fit is moderate for strategic planning but weak for technical and regulatory execution needs."
Caplyzer,Renaud Visage (0.47),Lida Preyma (0.68),1.15,Michael Wilshire (0.69),Lisa Aberg (0.99),1.68,+0.22,+0.31,+0.53,Better,"Secure €1M in commitments by mid-February, focusing on 3-4 of the 6 interested investors. 
 Identify component manufacturing partners and secure quotations by mid-February to build a stable and industrial 25 kW demo unit by June 2026. 
 Develop a facility plan (including space layout, required equipment, locations, and costs) by mid-February, so we can move by April 2026 and begin building the demo unit","**Objective Setter**: Obj 1: Strong investor network and strategic advisory experience relevant to securing €1M commitments | Obj 2: Clean tech expertise provides context, but no explicit manufacturing or component sourcing experience mentioned | Obj 3: Policy and analysis background may inform facility planning indirectly, but no direct operational or facilities expertise evident
**Critiquer**: Obj 1: Advises European green tech investors; deep fundraising networks and climate-tech credibility | Obj 2: No evidence of component manufacturing or H2 supply chain expertise | Obj 3: Industrial focus and consulting background support facility planning and operational strategy","**Objective Setter**: The mentor has strong credentials in clean tech, energy policy, and analysis (ex-BNEF, McKinsey, UK energy policymaker) that align well with the startup's fundraising and strategic positioning needs. However, there is no explicit evidence of expertise in manufacturing partnerships, component sourcing, or facility planning—critical for objectives 2 and 3.
**Critiquer**: The mentor's 27 years as McKinsey Senior Partner with sustainability and industrial focus, plus advisory role to European green tech investors, provides strong credibility for helping with fundraising (Objective 1) and strategic facility planning (Objective 3). However, there is no evidence of expertise in component manufacturing partnerships or electrolyzer-specific supply chain (Objective 2), which is a critical current need."
Ceal Minerals,Magali Anderson (1.00),Arnaud Blandin (0.72),1.72,Magali Anderson (1.00),Caroline Bergaud (1.00),2.00,+0.00,+0.28,+0.28,Better,"Connect with at least 3 European companies by obtaining input from one representative per company on their needs, switching barriers, regulatory requirements, and pilot appetite. 
 Connect with at least 10 European venture capital firms, as part of the next funding round of $5M-$7M. 
 Complete and organize the data room with all necessary documents and materials to meet due diligence requirements for the seed investment round.","**Objective Setter**: Obj 1: Board roles at major European industrial firms provide direct access to target companies in energy/industrial sectors | Obj 2: Sustainability and climate-tech experience relevant but no explicit VC network mentioned; may have indirect connections | Obj 3: Executive and board experience implies familiarity with due diligence but no specific data room expertise stated
**Critiquer**: Obj 1: EU policy expertise and B2B sales experience directly support European company engagement and regulatory navigation | Obj 2: Deep tech fundraising experience and EU government connections facilitate VC introductions for climate tech | Obj 3: General fundraising expertise may help, but no specific data room or due diligence preparation experience mentioned","**Objective Setter**: Mentor has strong industrial and sustainability credentials relevant to objectives 1 and 2. Board experience at Anglo American and former Chief Sustainability Officer at Holcim provides direct access to European industrial networks and climate-tech investment perspectives. However, no explicit venture capital network or data room expertise is evident for objectives 2 and 3.
**Critiquer**: The mentor has strong expertise in EU-funded project coordination and policy influence, which directly addresses the startup's need to connect with European companies and navigate regulatory requirements (objective 1). Their 20+ years of public-private funding expertise and advisor role to EU governments positions them well to facilitate introductions to European VC firms (objective 2). However, there is no explicit evidence of data room preparation or due diligence expertise for objective 3."
Co-Reactive,Jason Van Gaal (0.59),Antoine Le Feuvre (0.28),0.87,Karen Strassel (0.74),Magali Anderson (1.00),1.74,+0.15,+0.72,+0.87,Better,"Begin the construction of the demo plant on January 12 and complete delivery of all components to the Düsseldorf site by January 31, while following the established timeline and budget. 
 Sign an MoU with at least one of the four identified customers in the construction chemicals sector for a long- term (three-year) materials off-take agreement. 
 Recruit a senior materials scientist and a process engineer and prepare a detailed profile for the CFO position, a critical leadership hire.","**Objective Setter**: Obj 1: Technical oversight possible but no construction/project management expertise evident | Obj 2: VC experience may help with commercial strategy; limited direct sales evidence | Obj 3: Strong network in materials science and decarbonization for technical recruitment
**Critiquer**: Obj 1: Operations Management expertise and industrial transformation background support demo plant execution | Obj 2: Direct Holcim experience and sustainable construction expertise highly relevant for construction chemicals customer negotiations | Obj 3: Senior executive experience provides general hiring insights but lacks specific technical recruiting or CFO search expertise","**Objective Setter**: The mentor's deep expertise in decarbonization, materials science, and direct experience as a DAC chemist at Climeworks provides strong credibility for advising on CO2 mineralization technology and materials qualification challenges. While the mentor can offer valuable technical guidance on demonstration plant execution and materials scientist recruitment, there is limited evidence of direct expertise in commercial off-take negotiations or construction project management.
**Critiquer**: Mentor has highly relevant experience as former Chief Sustainability & Innovation Officer at Holcim (a major cement company) and board member at Anglo American, directly aligning with the startup's cement decarbonization focus and construction chemicals customer engagement needs. Strong operational background from 27+ years at Schlumberger provides credible support for demo plant execution challenges, though specific expertise in technical hiring and early-stage CFO recruitment is less evident."
Cura Climate Inc.,Andrew Beswick (0.69),Arnaud Blandin (0.55),1.24,Julian Gray (0.83),Magali Anderson (1.00),1.83,+0.14,+0.45,+0.59,Better,"Deliver a seed financing roadmap that outlines 10 target investors, milestone-linked capital requirements, and timing by January 31, 2026. 
 Produce and validate 50 kg of clinker samples with compositional analysis confirming target phases, and have initiated ASTM testing by December 31, 2025. 
 Start to hire and onboard 3 full-time employees in technical, operations, and business development roles to strengthen execution capacity and customer engagement..","**Objective Setter**: Obj 1: Investment expertise and climate tech networks directly support seed financing roadmap development | Obj 2: No evident technical expertise in cement production or materials validation | Obj 3: General venture scaling experience may help with hiring strategy but lacks specific operational depth
**Critiquer**: Obj 1: Board-level networks and cement industry knowledge directly support investor targeting for seed round | Obj 2: Sustainability innovation background may inform clinker validation strategy, but technical production expertise unclear | Obj 3: Executive experience at Holcim and Schlumberger relevant for hiring operations and business development roles","**Objective Setter**: The mentor's expertise in climate tech investment and deep tech venturing directly addresses CURA's most pressing challenge: raising an $8M seed round in a difficult climate tech funding environment. Their background as a former bp executive and current Managing Partner provides credible networks and strategic guidance for capital-intensive hardware ventures. However, limited detail on cement/industrial decarbonization specifics and hiring/technical operations expertise reduces the score.
**Critiquer**: Mentor's former role as Chief Sustainability & Innovation Officer at Holcim (a cement major) provides exceptional relevance to CURA's seed financing roadmap and industry engagement objectives. Board experience at Anglo American and Capitals Coalition strengthens credibility for investor targeting. However, direct expertise in early-stage hiring and technical clinker validation is less evident."
Enspired Solutions,Caroline Bergaud (1.00),Laurent Bertiau (0.68),1.68,Caroline Bergaud (1.00),Laurent Bertiau (0.68),1.68,+0.00,+0.00,+0.00,Equal,"Negotiate terms with internal investors for convertible note as bridge round to extend operational runway to end of 2026 by January 15th with first close on round by January 30th. 
 Hold introductory calls with up to four firms (potentially Deloitte, EY, PwC, and KPMG) by the end of February 2 to assess governance and IP-sharing considerations for US-EU collaboration, with the goal of beginning EU entity formation in March. 
 Develop a cost and staffing model for mobile PFAS decontamination services and benchmark it against competitors by February to support near-term revenue generation.","**Objective Setter**: Obj 1: Fundraising expertise relevant but focus is internal bridge round, not external strategic funding | Obj 2: Direct EU government advisory experience highly applicable to US-EU collaboration and entity formation | Obj 3: Water treatment tech tag provides domain context but no specific mobile service or cost modeling expertise evident
**Critiquer**: Obj 1: Finance leadership experience relevant to convertible note structuring and investor negotiations | Obj 2: Global finance background may inform governance considerations, but no specific EU entity formation or Big Four consulting expertise evident | Obj 3: No evidence of expertise in cost modeling, staffing for mobile services, or water treatment sector operations","**Objective Setter**: The mentor has strong expertise in public-private funding and EU government advisory work, directly relevant to Objective 2 (EU entity formation and governance). Their 20+ years of fundraising experience also aligns with Objective 1 (bridge round negotiation), though the startup's challenge is specifically with internal investors. Limited direct evidence for Objective 3 (mobile service cost modeling), but water treatment technical background provides some context.
**Critiquer**: Mentor has strong finance leadership experience relevant to Objective 1 (negotiating convertible note terms with internal investors) and potentially useful for assessing financial structuring in Objective 2 (governance considerations for US-EU collaboration). However, there is no evidence of expertise in hard-tech fundraising, PFAS/water treatment sector knowledge, or mobile service cost modeling (Objective 3), limiting actionable help for the startup's specific technical and market challenges."
Er Ocean Recherche,Karen Strassel (0.51),Osnat Michaeli (0.89),1.40,Lisa Aberg (0.69),Osnat Michaeli (0.89),1.58,+0.18,+0.00,+0.18,Better,"Design and implement an optimized operational and commercial workflow, aiming to reduce lead times. 
 Raise €1.2M EUR in funding to extend the company's runway by 48 months and enabling the recruitment of key talent to support product development and operational scaling. 
 Recruit a CTO to lead product development, and R&D, enabling the CEO to dedicate more time to sales and fundraising activities.","**Objective Setter**: Obj 1: McKinsey operational consulting background directly applicable to workflow optimization and industrialization strategy | Obj 2: Advises European green tech investors; strong fundraising guidance for sustainability-focused startup | Obj 3: No evidence of technical recruitment expertise or CTO hiring experience
**Critiquer**: Obj 1: Scaling experience may inform operational workflow design | Obj 2: Investment tag and startup scaling background relevant to fundraising | Obj 3: No evidence of technical recruitment or CTO-level expertise","**Objective Setter**: The mentor's 27 years as McKinsey Senior Partner with sustainability and industrial focus provides strong credibility for fundraising guidance (objective 2) and operational workflow optimization (objective 1). However, there is no evidence of direct CTO recruitment expertise or textile/materials industry experience, limiting alignment with objective 3 and the specific technical hiring needs.
**Critiquer**: The mentor has relevant scaling and brand experience from co-founding Infarm, which could help with operational workflow optimization and fundraising narrative. However, there is no evidence of CTO recruitment expertise, technical R&D leadership, or textile/materials industry knowledge needed for the startup's most critical objectives."
Haliogen Power,Lida Preyma (0.95),Andrew Beswick (0.69),1.64,Lida Preyma (0.95),Lisa Aberg (0.77),1.72,+0.00,+0.08,+0.08,Better,"Develop a comprehensive technology roadmap Pilot plan that clearly defines the scope, dependencies, and expected timelines. 
 Initiate outreach and establish communication with a 20+ prospective investors to generate and track early indications of interest for the £4M to £6M GBP funding round. 
 Build a Techno-Economic Analysis (TEA) model that includes a detailed cost structure, performance assumptions, and sensitivity analysis.","**Objective Setter**: Obj 1: No evidence of technology roadmap or pilot planning expertise | Obj 2: Strong capital markets experience and climate finance network directly support investor outreach | Obj 3: ESG/risk assessment may inform TEA assumptions but no direct techno-economic modeling expertise shown
**Critiquer**: Obj 1: No evidence of technical roadmap or pilot planning expertise in battery systems | Obj 2: Strong investor advisory background and green tech focus directly supports fundraising outreach | Obj 3: McKinsey consulting background suggests analytical capability but no explicit TEA modeling experience shown","**Objective Setter**: The mentor's 25+ years in Canadian capital markets and climate finance expertise directly support objective 2 (investor outreach for £4M-£6M round). Their decarbonization and ESG focus aligns with clean-tech positioning, and COP28/B20 experience may help with pilot partner credibility (addressing the validation bottleneck). However, no direct evidence of technology roadmapping or TEA modeling expertise limits alignment with objectives 1 and 3.
**Critiquer**: Mentor has strong investor advisory and sustainability credentials relevant to objective 2 (investor outreach) and general strategic guidance for clean-tech fundraising. However, lacks demonstrated technical expertise in battery technology roadmaps (objective 1) or techno-economic modeling (objective 3), and profile provides limited detail on hands-on pilot planning or TEA development experience."
Heatrix Gmbh,Caroline Bergaud (1.00),Karen Strassel (0.58),1.58,Caroline Bergaud (1.00),Magali Anderson (0.71),1.71,+0.00,+0.13,+0.13,Better,"Demonstrate system technical improvements by achieving a continuous 24-hour system run at 1,100 °C and consistently delivering the required heat output for brick production in Pilot project's lab oven. 
 Obtain initial funding commitments from early investors following the launch of the first investor outreach campaign. 
 Develop an IP and USP strategy for the R&D project aimed at optimizing the current heater design with the new heating method being developed.","**Objective Setter**: Obj 1: No evidence of technical expertise in high-temperature industrial heating systems | Obj 2: Deep tech angel and fundraiser with extensive public-private funding experience directly matches funding needs | Obj 3: Policy influence and EU project coordination may inform IP strategy, but no direct IP/USP expertise shown
**Critiquer**: Obj 1: No direct heating technology or lab-scale technical system expertise evident | Obj 2: Board-level credibility and industrial network highly relevant for investor outreach in climate-tech | Obj 3: Innovation leadership experience applicable to IP/USP strategy, though not heating-specific","**Objective Setter**: The mentor's 20+ years of public-private funding expertise and EU-funded project coordination directly address objective 2 (obtaining initial funding commitments) and can help navigate the challenging fundraising environment mentioned in the CEO update. However, there is limited evidence of technical expertise to support objective 1 (24-hour system run at 1,100°C) or deep IP/USP strategy development for objective 3, though policy influence experience may provide indirect value for IP strategy.
**Critiquer**: Mentor has strong industrial operations and sustainability credentials relevant to decarbonizing industrial heat, but lacks direct technical expertise in power-to-heat systems or heating technology R&D. Strong fit for investor credibility and supply chain challenges (Objectives 2 and bottleneck), moderate fit for IP/USP strategy (Objective 3), weak fit for technical system optimization (Objective 1)."
Intace,Edward G. Krubasik (0.32),Jason Van Gaal (0.42),0.74,Arnaud Blandin (0.80),Karen Strassel (0.99),1.79,+0.47,+0.57,+1.05,Better,"Conduct a preliminary technical validation report from laboratory tests on foam samples to verify conductivity (surface resistivity $\le10^{4}\Omega/m^{2})$, shock absorption (drop test performance), and cleanroom compatibility (dusting), and benchmark the results against industry standards. 
 Secure an engagement agreement with one strategic partner to jointly advance product development and achieve TRL 6, with a defined work plan, milestones, and responsibilities. 
 Prepare all investor-ready documents (deck, model, data room) for the £1-£2M GBP fundraise.","**Objective Setter**: Obj 1: No materials science or lab validation expertise evident | Obj 2: Cleantech commercial development experience could help structure partnership strategy | Obj 3: ESG strategy and work with major corporates relevant to investor positioning
**Critiquer**: Obj 1: Materials science PhD may help with technical validation methodology, but no ESD/conductivity expertise evident | Obj 2: VC science role suggests partnership evaluation skills, but no semiconductor/electronics industry connections shown | Obj 3: VC experience provides some fundraising context, but no evidence of investor deck preparation or data room expertise","**Objective Setter**: The mentor has strong ESG and cleantech commercial development expertise relevant to Intace's sustainability positioning and fundraising narrative. However, there is no evidence of technical materials science, semiconductor packaging, or laboratory validation expertise needed for Objective 1 (technical validation report) or addressing batch variability challenges. The mentor could provide moderate help with investor readiness (Objective 3) and strategic partner engagement framing (Objective 2), but lacks direct technical or manufacturing scale-up experience critical to current bottlenecks.
**Critiquer**: The mentor has materials science expertise and experience in cleantech/decarbonization, which provides some credible linkage to Intace's technical validation needs (Objective 1) and material performance challenges. However, there is no evidence of specific expertise in conductive materials, ESD packaging, semiconductor applications, or fundraising/investor preparation (Objective 3). The mentor's background in DAC chemistry and VC science leadership offers general technical credibility but limited direct applicability to the startup's most pressing current needs around batch variability, density reduction, and investor-ready materials."
M4Life,Renaud Visage (0.53),Gia Aradottir (0.69),1.22,Lisa Aberg (0.69),Caroline Bergaud (0.80),1.49,+0.16,+0.11,+0.27,Better,"Secure bridge funding through engagement with VCs, angel investors, and grant applications. 
 Finalize the 7 pilots in New Zealand using the samples already sent to a partner distributor, finalize the 8 new pilots in Argentina, and maintain engagement with 7 ongoing pilots in Argentina through regular follow-ups and scheduled field visits to sustain client interest in M4Life products. 
 Validate product-market fit through structured interviews with 10 farmers and 5 distributors, commencing after the sowing period when farmers are available.","**Objective Setter**: Obj 1: Direct investor advisory experience with green tech funds addresses funding challenge | Obj 2: No evidence of agricultural pilot management or distributor partnership expertise | Obj 3: Consulting background may help structure interviews, but lacks ag-specific market validation experience
**Critiquer**: Obj 1: Mentor's deep funding expertise and angel investor role directly match bridge funding needs | Obj 2: B2B sales experience may help with distributor engagement, but no ag-specific pilot management expertise evident | Obj 3: B2B sales background suggests customer validation skills, though no explicit farmer/distributor interview expertise shown","**Objective Setter**: The mentor's 27 years as McKinsey Senior Partner with sustainability focus and experience advising European green tech investors directly addresses Objective 1 (securing bridge funding through VCs and angels). The climate tech and ESG expertise aligns with M4Life's ag-biotech mission, though the mentor's profile lacks specific evidence of agricultural market knowledge or farmer/distributor engagement experience needed for Objectives 2 and 3.
**Critiquer**: The mentor's 20+ years of public-private funding expertise and experience advising EU governments directly addresses the startup's critical need to secure bridge funding through VCs, angels, and grants. The mentor's B2B sales background may also help with distributor engagement and farmer trust-building, though the mentor's profile lacks explicit ag-biotech or regulatory market experience that would address the startup's challenges in strict regulatory markets and deep tech investment caution."
Mykor Ltd,André Pitié (0.17),Julian Gray (0.50),0.67,Karen Strassel (0.81),Tobias Suenner (0.71),1.52,+0.64,+0.22,+0.86,Better,"Develop a hiring strategy to recruit the key roles required for operational scale-up, defining the necessary competencies and outlining a cost-efficient recruitment plan aligned with the company's budget. 
 Secure agreements with raw material suppliers for hay and hemp capable of delivering high-volume supply (34 tons per year), with validated capacity, defined quality specifications, and confirmed pricing. 
 Structure comprehensive intellectual property strategy that protects the core technology, supports the company's targeted market share, and enables future revenue growth, and competitive monitoring.","**Objective Setter**: Obj 1: No evidence of hiring or HR strategy expertise | Obj 2: Materials science background may inform quality specs but no supply chain experience shown | Obj 3: VC science role may provide IP awareness but no direct IP strategy experience evident
**Critiquer**: Obj 1: Automotive hiring differs significantly from biotech manufacturing talent acquisition | Obj 2: No demonstrated experience with agricultural supply chains or biomass sourcing | Obj 3: Automotive IP strategy differs from biomaterials; co-manufacturing model is domain-specific","**Objective Setter**: The mentor has materials science expertise and decarbonization focus relevant to Mykor's biomaterial technology context, but lacks direct evidence of operational scale-up, supply chain management, or IP strategy experience needed for the three stated objectives. The mentor's background in DAC chemistry and VC science leadership provides some transferable knowledge for technical feasibility challenges but limited actionable guidance for hiring strategy, supplier agreements, or IP structuring.
**Critiquer**: The mentor's automotive and joint venture management expertise offers limited direct applicability to Mykor's current needs: hiring for biotech manufacturing scale-up, securing agricultural raw material suppliers (hay/hemp), and developing IP strategy for mycelium-based construction materials. While joint venture experience may provide generic partnership insights given Mykor's recent JV with Cordeel, the mentor lacks demonstrated expertise in biotechnology, sustainable materials, construction industry supply chains, or IP strategy for novel biomaterials."
Phasetree,Tobias Suenner (0.73),Renaud Visage (0.63),1.36,Tobias Suenner (0.73),Michael Wilshire (0.68),1.41,+0.00,+0.05,+0.05,Better,"Achieve royalty agreement with a customer in the steels/alloys space, either from converting an existing pilot customer or landing one from our pipeline. 
 Finalize SaaS pricing framework, and expose it to prospective customers to gather initial feedback. 
 Grow the open-source CLEASE community (1M+ downloads) to expand top-of-funnel reach. Launch a Discourse/Discord community platform and secure the first 20 member sign-ups.","**Objective Setter**: Obj 1: No direct steels/alloys or royalty negotiation expertise evident | Obj 2: General business experience but no SaaS pricing specialization shown | Obj 3: No open-source community building or technical community engagement expertise
**Critiquer**: Obj 1: McKinsey partnership experience and materials sector knowledge support royalty deal structuring | Obj 2: Strategic business model expertise from BNEF/McKinsey applicable to pricing frameworks, though not SaaS-specific | Obj 3: No evidence of open-source community building or developer engagement experience","**Objective Setter**: The mentor's automotive industry experience provides limited generic relevance to PhaseTree's materials discovery business. While automotive is one target sector mentioned, the mentor's expertise in SDV transformation and joint ventures does not directly address the startup's immediate needs: converting customers to royalty agreements, finalizing SaaS pricing, or building open-source community engagement in computational materials science.
**Critiquer**: Mentor has strong strategic and business model expertise from McKinsey and BNEF leadership that directly addresses PhaseTree's challenge of designing scalable royalty/SaaS revenue models. Materials tech tag and clean tech experience provide domain context. However, lacks specific evidence of SaaS pricing expertise or open-source community building experience needed for objectives 2 and 3."
Thalya,Miles Elsden (0.09),Osnat Michaeli (0.82),0.91,Osnat Michaeli (0.82),Gia Aradottir (0.51),1.33,+0.73,-0.31,+0.42,Better,"Submit the regulatory dossier to the US EPA by compiling the full data package, including off-target analysis, physicochemical data, label, production workflows, and literature review. 
 Contract the right RNA production partners for the first commercial year with a focus on cost and timeline, following multiple discussions with multiple partners. 
 Install a new maize growing controlled area in their facility.","**Objective Setter**: Obj 1: No regulatory or EPA submission expertise evident | Obj 2: General startup scaling experience may help with partner negotiations | Obj 3: Vertical farming background provides some controlled environment context
**Critiquer**: Obj 1: No regulatory or EPA submission expertise evident | Obj 2: Project management skills may help partner contracting generically | Obj 3: NIAB Programme Leader background suggests facility/cultivation knowledge","**Objective Setter**: The mentor has agritech domain experience and startup scaling expertise, but lacks specific capabilities in regulatory affairs, RNA production partnerships, or controlled environment agriculture infrastructure. The current objectives require highly specialized technical and regulatory expertise that is not evident in the mentor's brand/communications-focused profile.
**Critiquer**: The mentor has agritech and sustainable agriculture expertise with crop protection background, providing general domain alignment. However, there is no evidence of specific expertise in regulatory submissions (EPA dossiers), RNA production partnerships, or controlled environment facility setup that directly address the startup's three primary objectives."
Valence Technologies,Tobias Suenner (0.34),Karen Strassel (0.56),0.90,Caroline Bergaud (1.00),Julien Venturini (0.68),1.68,+0.66,+0.12,+0.78,Better,"Secure the fully executed university IP license-complete with all signatures and commercial terms with the university to enable downstream development and commercialization. 
 Secure a minimum of €800K EUR in signed investment commitments, through equity or convertible instruments, to fund the next phase of development. 
 Secure a confirmed test date with Vittoria for bike-tire application validation, including an agreed plan for puncture, rolling-resistance, air-retention, and real-world field tests across the Thailand and Italy facilities.","**Objective Setter**: Obj 1: EU government advisory and policy influence relevant to university IP negotiations | Obj 2: Deep tech angel investor with extensive public-private funding expertise directly addresses fundraising need | Obj 3: B2B sales experience provides general customer engagement guidance but no tire industry specifics
**Critiquer**: Obj 1: No explicit IP licensing or university negotiation expertise mentioned | Obj 2: Investment operations tag and 20+ years experience directly relevant to fundraising challenge | Obj 3: Business development and strategic partnerships could help secure customer tests, but no tire/testing-specific expertise shown","**Objective Setter**: Strong alignment on fundraising (objective 2) given mentor's 20+ years public-private funding expertise and deep tech angel background. Moderate alignment on IP licensing (objective 1) through EU government advisory experience and policy influence. Weak direct alignment on securing Vittoria test date (objective 3), though B2B sales experience provides some relevance.
**Critiquer**: Mentor has strong relevant expertise in fundraising (Investment operations tag) and business development that directly addresses Objective 2 (securing €800K investment) and the slow fundraising challenge. Experience in sustainable innovation and industrial technology aligns with the material science/climate-tech context. However, no specific evidence of university IP licensing expertise (Objective 1) or customer validation/testing partnerships (Objective 3) is provided."
Zeni,Michael Wilshire (0.50),Miles Elsden (0.12),0.62,Julian Gray (0.51),Edward G. Krubasik (0.73),1.24,+0.01,+0.61,+0.62,Better,"Hire a project manager, a senior water treatment expert, and a technician, potentially combining the first 2 roles to make the offer more attractive and reduce the perceived career and stability risks of joining a startup. 
 Complete development of our 1000 liter photobioreactor by mid-January, to transport to the client site and start in mid-February. 
 Develop contract templates that clearly define responsibilities for site management, biomass handling, and other key operational areas.","**Objective Setter**: Obj 1: No direct HR or talent acquisition expertise evident | Obj 2: No evidence of hardware scaling or photobioreactor engineering experience | Obj 3: Consulting background may help with contract structuring, though not explicitly stated
**Critiquer**: Obj 1: No water treatment expertise; generic hiring advice possible | Obj 2: Industrial automation background may offer scaling insights, but not biotech-specific | Obj 3: M&A experience tangentially relevant to contracts, but not operational agreements","**Objective Setter**: Mentor has relevant experience in climate tech and biotechnology domains, which provides general context for ZENI's microalgae wastewater treatment. However, the mentor's background in investment, consulting, and digital leadership does not directly address the startup's immediate operational needs: hiring technical staff, scaling photobioreactor production on a tight timeline, or developing contract templates for client agreements. Limited evidence of hands-on operational or HR expertise for the specific challenges stated.
**Critiquer**: The mentor's expertise in industrial automation and M&A strategy offers limited direct relevance to ZENI's immediate needs: hiring water treatment specialists, scaling photobioreactor production, and developing operational contracts for wastewater treatment. While executive experience at Siemens and McKinsey provides general business acumen, there is no evidence of domain knowledge in water treatment, biotech manufacturing, or environmental engineering that would directly address the startup's current technical and operational challenges."
